review_id,customer_id,product_id,review_timestamp,rating,review_text,sentiment
d1d0bfdf-5b84-4434-955d-feaf8b58f45a,9438779f-1292-4d84-b39f-fc1e728535f6,77016229-03e7-4ace-860b-79ee16b3f42b,2026-05-25T06:49:37.740052Z,5,"A bit pricey, but good.",1.0
dc7a236d-82bc-4981-ab57-b068556d602d,34e3713e-527b-4a61-bb6b-5cdd9a46816d,f980ab87-d699-456c-a96a-e362bfd00c92,2026-06-12T03:21:09.740419Z,5,Staple in our house.,0.76
3d2dec20-b790-4c06-abce-d67bcdc27885,284521e2-1408-4fa0-9578-492efc8edfe3,9183c4c5-47db-4e6d-af05-9eafe1f586a0,2026-05-22T00:15:33.740803Z,3,Will buy again.,0.49
0ae610bc-5da7-4a3f-bb03-df41abb4c6c4,38bac53d-813a-4fec-a36b-81693c06e94a,e4f08e85-289e-40c7-ad90-983f186d02dc,2026-06-14T10:39:53.740893Z,3,Will buy again.,0.26
f0575cea-2688-47a9-a4d9-7874b155b6f8,e198e982-441e-4186-b2a7-6509354bc0f2,d98ac824-b1cb-493c-b4dc-fa735d579080,2026-05-31T00:19:46.741053Z,5,Good quality.,0.07
19a56ccd-a92e-4c5d-ae26-80e01bcf3dff,f227bdba-cb26-4fa4-9d1b-6b5eaedda4b9,145417d2-0475-455c-bfdb-23ddc2020330,2026-05-30T04:58:52.741222Z,3,My family loves this.,0.82
d6a6f4ce-6220-44c3-9452-83be4ec5440a,98af55a9-dfcc-4ad3-bdf7-dd969404ddfe,37727a64-f037-49a9-bcf8-086215ecb7fd,2026-05-20T17:06:14.741356Z,5,Will buy again.,0.23
7bd750c0-2b24-44c7-bea2-da264994a0fe,393e8242-9d2a-4f22-904c-c851b62d9ff5,e17a19cd-8381-40b6-8771-702f3a282e0c,2026-05-29T19:35:22.741420Z,5,Good quality.,0.18
c324cb56-ffc7-428f-ad10-0727e2db61e5,ab66ca5d-04cf-47b3-9716-8a39a8619a98,f6f56971-131f-45a6-8e96-4504bb012c40,2026-06-08T15:47:39.742054Z,4,"A bit pricey, but good.",0.51
5811072f-005b-458f-89de-9f897cd30c5a,731b131b-d1ef-4842-bd1f-e19a7c462f0f,59d6d6c9-1940-4e0a-a3ed-ca04666e89b9,2026-06-07T16:57:24.743011Z,4,Good quality.,0.93
8cd77d74-0316-402d-8944-429e80d0bcad,ea59da10-ccd4-421d-957f-d3efcefbdaa0,c8692397-bab9-445a-90ae-7439cc46cd74,2026-05-24T07:02:04.743070Z,5,Staple in our house.,0.31
7814547b-82b1-4409-92fa-2e2e8dea3ad1,38d8fe88-7a5a-465e-83d4-7a21757f37cd,27366ea9-7d9d-40ad-ab66-17f827a45e78,2026-06-11T15:06:39.743309Z,5,Good quality.,0.74
b4720bd6-527c-40d2-ba73-a214cbf34cf4,3ecae672-5af1-46e1-9a0e-51072774bdb6,4249ce6f-0248-4265-950f-9f03188f5497,2026-06-15T05:41:54.743379Z,3,Good quality.,0.27
e98aed2f-523e-4c6a-a832-e1b87efd67c7,e9679519-56ba-4007-bae4-1cd922e9f605,ea11794b-9211-4543-87ff-999e6bd73cef,2026-06-07T04:23:43.744011Z,5,Staple in our house.,0.2
ee00e193-479a-4de1-af08-f840daa3b638,462bdce4-5d31-496b-9f72-65901779f309,c8692397-bab9-445a-90ae-7439cc46cd74,2026-05-19T12:12:02.744146Z,5,Will buy again.,1.0
f5fff08a-d1bd-4ab2-88ad-9631ee1e720d,336fe19f-6533-42e4-9889-9f123cfc4a1c,7f6a74aa-f09a-4f60-a39c-a0c68ccf7ddb,2026-06-03T19:12:43.744386Z,4,Staple in our house.,0.24
1360cef1-bc63-45ed-b101-318a80734437,ee9020c0-6f9f-4ed2-810a-4a1abf6ca4f6,dc65cf1c-922f-4f2a-be7d-7f596ab58867,2026-05-27T04:48:06.744409Z,3,My family loves this.,0.65
9415444b-5dc1-4f2e-84cb-42e733ddc55a,6e088c5f-39b5-44fb-97db-fb9f5abd57ff,34b6ae28-67da-41cb-83b1-c97b33dfdb64,2026-05-31T09:39:10.744569Z,4,Tastes great!,0.27
4201bc4b-f5da-4b6f-8f9b-f41d8711e712,f39c2618-4169-4953-a205-2049fc8b422b,4f829757-7e33-48b8-9950-69136f62b668,2026-05-27T13:46:00.744748Z,3,"A bit pricey, but good.",0.63
18ba9e30-8851-4a40-99bc-4e003fb44bd2,daaafc21-ddee-4be2-acc9-cb35709e0993,eae4837f-4e9f-40fb-a287-f3ea4195f02e,2026-05-28T21:06:04.745460Z,4,Staple in our house.,0.42
4d859389-16ee-4745-8183-ea999ec5906a,1f210a6b-e1a4-4c39-93db-4d5b7da526e6,37727a64-f037-49a9-bcf8-086215ecb7fd,2026-05-30T08:32:01.745851Z,4,"A bit pricey, but good.",0.58
89f99848-b953-431f-ae7a-8291d2a379b1,3ecae672-5af1-46e1-9a0e-51072774bdb6,8998e993-9ba7-4ede-965c-cee7af7a4457,2026-05-21T22:49:11.746122Z,3,Will buy again.,0.84
3c834c05-4a4c-4358-9555-c9b309ec6e4b,a7fd865e-9a7e-4c20-b38c-844ea50f001f,51de8c93-7a17-4f51-ba8f-d0ac995c566a,2026-06-01T16:06:33.746641Z,5,My family loves this.,0.92
bf6bf43c-1a75-4448-ba1d-bf89492e4bb2,08f8ef0f-aa6b-462d-81a9-c861892c8ec1,96164111-3295-4ecd-9696-77c13aa1e9c6,2026-06-16T12:45:10.747117Z,4,Good quality.,0.58
bdcf5252-087e-487b-9dc4-da6d44e7cb9a,e96b0330-2bf2-4221-8c83-a0321dc564fa,4560ad24-ab8b-4c2a-9a93-593950d0c317,2026-05-29T16:46:08.747736Z,3,Tastes great!,0.31
c613eadf-eeb0-4d24-8221-b0291a556d4c,d73af61d-0a94-4835-b3ea-fe140d26a2a6,181c0491-9549-4f06-acf3-4e0bf1af8724,2026-05-24T21:46:49.748189Z,3,"A bit pricey, but good.",0.94
2f7401a3-6102-4a62-9e7d-0eadbe35a07a,02df37e7-d9a7-4261-89cf-e625ac86587b,77016229-03e7-4ace-860b-79ee16b3f42b,2026-05-24T04:34:53.748281Z,4,Tastes great!,0.72
dcb3f0ec-38f9-43fa-80b5-8d711e3d20cf,750e3190-9384-4e97-9b12-b67b0e25a9ac,8998e993-9ba7-4ede-965c-cee7af7a4457,2026-05-20T20:50:15.748485Z,5,Good quality.,0.38
9f326c87-569b-4a71-b6c2-e262ac4e9ae6,2f7934c3-a58c-4260-92f3-05c4d15d3f3c,b4cf6a02-8d8f-4f2a-a7d2-b552fe2cffc6,2026-06-12T22:08:21.748729Z,3,Tastes great!,0.02
7379a20e-ef8a-4124-a928-6100090e8d25,bc2d7a33-bbbc-4c57-bc09-10e08146f5da,59d6d6c9-1940-4e0a-a3ed-ca04666e89b9,2026-05-27T07:57:34.748877Z,5,Good quality.,0.86
a30eb18e-3d1b-4a76-9a13-b33af2cdb53c,393e8242-9d2a-4f22-904c-c851b62d9ff5,1209a847-3e6d-4ef1-a2ac-448ae204babe,2026-05-25T00:47:57.748934Z,4,My family loves this.,0.32
5fb14e10-9741-4325-95c7-84db6b5b825c,58c748e0-c1e8-4279-8eb2-b7af473589e2,6f6d558c-4b40-4c66-a4e6-e46524190ebc,2026-06-05T21:43:28.749674Z,5,Tastes great!,0.3
4a79a63c-48d5-499b-ba0d-5df9dcd1f334,755dc9d4-d2b1-46e3-a1c1-b06013ec4b71,ea11794b-9211-4543-87ff-999e6bd73cef,2026-05-20T05:56:29.749897Z,4,My family loves this.,0.56
6387cae2-0108-4b03-bb1d-a0b29ed169bb,81745aea-08e5-4021-a4ad-5139b256656c,9234bb80-ceff-4626-9cc6-fc6f757ee0d6,2026-06-16T06:35:48.749920Z,4,"A bit pricey, but good.",0.08
bba4a74a-d752-4a74-ba2c-433a95acc00a,f39c2618-4169-4953-a205-2049fc8b422b,1e19d020-8de6-4885-b1d8-2b9aff3f3d33,2026-05-30T06:35:27.750196Z,5,Staple in our house.,0.02
c4b613ed-cbeb-408f-b2de-5596859b90d7,66f4385b-9519-4c6a-981c-c650a69bdb4a,eae4837f-4e9f-40fb-a287-f3ea4195f02e,2026-05-24T04:41:56.751012Z,3,Good quality.,0.5
085734cc-e6e1-47c2-ae7f-553495002b6c,24629382-0184-4ee9-a7ae-6b330bde3774,22a51531-4be1-45dc-9e5d-2c9c0df0de82,2026-06-15T01:29:08.751446Z,3,Tastes great!,0.78
1c662507-9836-43bf-a5e7-eabdc38a02ba,3e44a27c-9bd1-4833-be31-5443fd5f30da,370920ed-3f8d-46f5-b78d-f4d5c426c5e2,2026-06-11T01:06:26.751471Z,4,Staple in our house.,0.65
ac8044af-9ee1-4736-a409-ac3dae21b982,bb57e5b7-892f-4015-b5c5-9165eddab54b,262281ca-9da1-4f48-bcc9-dac7c497ca85,2026-06-12T18:50:54.751518Z,3,"A bit pricey, but good.",0.64
4c0a6835-098f-4263-844f-8a20a4399ea3,6733c67e-27e3-4470-b212-033cdbebfc91,14c50a07-309d-4aac-8004-a94d51e3ca87,2026-06-14T14:16:59.751588Z,5,"A bit pricey, but good.",0.2
2c114aa3-e040-4b45-8875-ad05bdc73c31,4c56e24d-31c5-433e-861b-a265429a86eb,19526f67-9ddf-4aab-b411-0bee51cec320,2026-06-15T19:15:37.752208Z,5,Tastes great!,0.66
9ff23862-19c5-4299-87ca-8f2a259db5ba,075c9b58-ca2b-4b1e-85cc-c56602c4ab69,bdfcdbcc-7d63-4ecb-9a8f-8ae73ee085fb,2026-06-11T18:44:22.752508Z,4,Staple in our house.,0.88
eaccb4d6-968c-411b-b5ae-09989569fd09,5c317db8-eada-4482-8e89-ba5590a15d7d,262281ca-9da1-4f48-bcc9-dac7c497ca85,2026-05-28T00:44:11.752686Z,5,My family loves this.,0.3
f7d0ac2d-256a-4db4-a46a-f7f5d761564a,70de7a55-61f7-4dc3-a849-259b83d39e6f,bb3acd74-a761-49bd-b7bc-fbf35502e696,2026-06-18T00:50:46.752953Z,4,Good quality.,0.8
7b1b2c10-70c5-4c13-ac2a-244cfab45e44,f67dbfa0-ba5f-459d-a062-6f1f31dec761,145417d2-0475-455c-bfdb-23ddc2020330,2026-05-31T16:27:42.753121Z,3,"A bit pricey, but good.",0.99
10418134-1a60-43f0-8cc3-bffa365c9e13,7f154fb8-3f46-4cc7-af4f-d6665b2ed14b,a2aa5c5f-237b-4acf-bd4d-896ec1b7d815,2026-06-10T06:42:54.753343Z,3,"A bit pricey, but good.",0.34
616fad33-6883-4a3d-9fec-eb90b3bef33c,24240383-abe7-4470-be69-d968d0fd03ec,22a51531-4be1-45dc-9e5d-2c9c0df0de82,2026-05-19T14:06:43.753562Z,4,"A bit pricey, but good.",0.96
510d5e9e-d9fa-4cb4-9a28-02c79bc9a500,4e177d60-5959-49c5-bcd4-1d77c4ff1a95,370920ed-3f8d-46f5-b78d-f4d5c426c5e2,2026-06-17T05:31:12.753778Z,5,Staple in our house.,0.66
5b5eb8e3-f04c-4bbf-9518-03ad4d7ff5fb,40cae0e9-cc22-45b7-83f8-5ca5013987c5,c8692397-bab9-445a-90ae-7439cc46cd74,2026-05-23T03:00:21.754234Z,5,Staple in our house.,0.67
e2d4bda6-4873-4190-a62b-97b18143bc1c,c13c3f9b-c525-4034-bd65-30290e0dce41,17d8280d-5414-49df-ac1c-db72a02c6e18,2026-06-07T01:12:23.754317Z,3,My family loves this.,0.78
d1a50115-1447-42c7-bc72-85b6b2e88c4f,b6db8d1a-217c-47a2-a209-d08ec9cbf2d0,6b43d3b7-aca8-4905-9318-b1c3fbed419e,2026-05-26T08:19:09.754582Z,5,"A bit pricey, but good.",0.7
93bc19ed-4c0c-4cae-a2f5-5d103798a431,336fe19f-6533-42e4-9889-9f123cfc4a1c,f980ab87-d699-456c-a96a-e362bfd00c92,2026-06-17T05:20:47.755021Z,4,My family loves this.,0.52
fba0fb9d-d17e-46e2-acb6-49a901ab969c,5bf657c0-badb-4888-9955-cc0cc667fdff,1cac4b7d-9687-4005-8aba-406a7a82bb35,2026-06-15T22:57:34.755207Z,5,"A bit pricey, but good.",0.54
5c57a092-dfe9-4123-94d8-2aaa3e2653de,83e48783-daeb-493d-8c48-229e2c47c5f1,58b8f572-3bba-4143-9f32-b6fbe9afedb9,2026-06-16T15:48:11.755667Z,4,Staple in our house.,0.86
8cc73929-8639-46b1-989f-4f9414ab958d,82e244b2-87a6-48ad-b9c6-ab291657e7de,ec97e4e8-1dee-4099-85b0-85d167c59b15,2026-06-07T08:53:14.755691Z,4,"A bit pricey, but good.",0.87
5cf6c5e8-ccaf-4f6b-85ca-b13fe3044af9,82e244b2-87a6-48ad-b9c6-ab291657e7de,250b4af0-e307-4429-bc29-3797dfce07ad,2026-06-07T16:30:00.756796Z,5,My family loves this.,0.8
10ec4e97-ff8b-44e8-a043-9da3744be779,64c7bfb1-aa9c-4a62-a649-a09c9024ab8b,2e4f561e-34fc-4f84-969f-fafa2cfe8587,2026-05-20T15:05:08.757284Z,5,Will buy again.,0.55
3f301db0-cb0b-4bb5-9e0c-2a856e38a40f,f227bdba-cb26-4fa4-9d1b-6b5eaedda4b9,4560ad24-ab8b-4c2a-9a93-593950d0c317,2026-05-22T06:58:04.757492Z,4,Will buy again.,0.22
0a1e9573-528a-4ba6-8aed-f0e62d5cfce7,06d4ac74-90eb-4aae-a2f9-1c9f8ff66438,22a51531-4be1-45dc-9e5d-2c9c0df0de82,2026-06-03T14:29:27.757516Z,3,Staple in our house.,0.15
3329fb6b-11e3-45cf-8290-cf8e600cd330,81213520-07aa-4c23-b65a-1570a1c8c2d3,370920ed-3f8d-46f5-b78d-f4d5c426c5e2,2026-06-14T15:53:02.757596Z,3,Tastes great!,0.96
0a877290-621b-499a-b018-1d1b06fbcc8a,0789256b-0781-44b8-87de-82a9880227cb,5e2bc8e4-1797-4c5f-82a7-e5f343789acd,2026-05-24T11:29:37.758777Z,4,Tastes great!,0.53
01ee2569-1b42-4c4a-bcdb-1403ce5572bf,f5be1c8d-ff9f-4a97-82e2-da26824cf742,250b4af0-e307-4429-bc29-3797dfce07ad,2026-06-11T22:05:25.758806Z,4,My family loves this.,0.11
d578fe4b-af1b-45af-b8c6-1f0ce7a55839,49da153f-b4fe-4c8c-80bd-3929f8491250,eaf75b03-369e-4f19-9773-1a8ed15cec34,2026-06-06T06:19:56.758973Z,3,Good quality.,0.13
0ac58976-6f8f-4a20-a9d6-32d0233d7b20,46442619-5731-479b-b8ed-c5f7c91e56a5,c85fdb82-bfb8-466b-8587-2c4a96321250,2026-06-02T02:50:33.759426Z,4,Tastes great!,0.27
be5c6569-7a0c-4a55-958d-eda77e9941ad,f34430bd-ffb3-4454-8239-8ec839993b51,f3339075-6de3-4983-84ef-c23595b30f1c,2026-06-01T01:04:27.760497Z,5,My family loves this.,0.47
76d4ce3e-999b-4b3b-9020-f60981e07095,294a2906-edce-4866-bd26-edd6c8155aa2,19526f67-9ddf-4aab-b411-0bee51cec320,2026-06-16T21:22:03.760551Z,4,Tastes great!,0.43
81e5f3fb-a712-4ebf-aeb9-5cbf43b05ff5,bd94c06e-4681-43b0-9d07-1eda730c5033,eab47c6e-60d0-411e-ade2-82fc0a973fef,2026-06-18T00:20:53.762552Z,4,My family loves this.,0.08
d8c25d65-dc79-4d2e-a143-b3ce6419d44a,2d9804c7-95c0-4fba-95b6-b77e839f2b6a,c3163de1-b9cd-44a7-93e9-588433a1e23f,2026-06-16T04:17:05.762734Z,3,"A bit pricey, but good.",0.53
9219249e-4941-4759-a775-7011430a2d4f,6e57b55c-419f-4d5a-9e0f-6a06b8fb770b,eab47c6e-60d0-411e-ade2-82fc0a973fef,2026-05-21T14:11:52.763097Z,3,Tastes great!,0.78
88640859-008b-43a9-a6d8-b976ac3d67f8,2dcca842-c403-4924-9c19-def81bc4244b,4560ad24-ab8b-4c2a-9a93-593950d0c317,2026-05-29T09:36:22.763390Z,5,Tastes great!,0.52
ba659b0e-aaeb-49e6-910b-25f7ec9ce98f,db710c0d-073f-4533-a992-2147c6c05480,5e2bc8e4-1797-4c5f-82a7-e5f343789acd,2026-05-28T09:25:54.763576Z,5,Will buy again.,0.63
2c851b6c-aa7d-4862-bd38-558f80d131f5,12664488-f887-4fdc-a90e-65705d33b03f,cf925fde-e447-40d6-8073-e23c6f551820,2026-06-04T22:11:34.764340Z,4,Good quality.,0.55
ef3b4eab-44a9-4366-81d2-0df70a4f6fe1,35618dd2-3ca4-421f-91f7-eb51cf894807,31a62e0b-956a-4338-9c88-02b3f7ede7b6,2026-05-29T04:32:52.765294Z,5,Good quality.,0.43
9b44b28e-fe4c-48d1-b459-3eb4bf8b589f,69cae572-5dac-44b8-9774-94bd8be10195,181c0491-9549-4f06-acf3-4e0bf1af8724,2026-06-08T04:40:08.765479Z,5,"A bit pricey, but good.",0.51
d28dc49d-0a02-4346-8f4c-dadbe70ff3a2,33023839-f105-4e5e-9642-a8e9c9eb9ef0,321f6360-972d-4a3a-85c7-8758739a5af4,2026-06-02T19:47:57.765502Z,4,Staple in our house.,0.56
aa429d7f-9b6f-4c03-8656-7afa3fe6f6f6,c034b804-6b68-4938-8964-98f10b1bb2fe,805d0c82-7625-40a2-ac29-8f766fc3f6ff,2026-06-16T09:50:50.765544Z,4,Will buy again.,0.45
0db5b2f6-5dac-44fc-8ab5-f28025c2e2d6,718f45a3-0876-40bc-9e9b-c8f9c8d94e7a,5e2bc8e4-1797-4c5f-82a7-e5f343789acd,2026-05-20T04:56:31.765950Z,4,Tastes great!,1.0
245ac6a1-b8d3-41ae-8336-373e92567fdb,bf282578-4e04-4255-b024-b80b82b09ea3,17ef5cb2-dbbc-4423-a159-fe66957fb5c2,2026-06-07T08:11:31.766515Z,5,Tastes great!,0.67
63bb24e7-af74-4445-83fc-ed03c0935ce3,462bdce4-5d31-496b-9f72-65901779f309,bdfcdbcc-7d63-4ecb-9a8f-8ae73ee085fb,2026-06-10T11:32:11.766691Z,3,Will buy again.,0.37
ecc114c7-9f7b-4800-a64c-a0c849f400f6,4f782818-803d-4494-86b0-18c174d4f6df,12e3fbe3-5387-41d3-b055-ed6b543f5f0f,2026-06-15T14:27:23.766736Z,4,Good quality.,0.82
7dce94c4-0c71-400c-864f-dd6bb6a70eb9,31ca2d81-c9af-4d2e-aff4-0d25f8280112,63b5e370-7388-4536-8ed7-a21a4a41d06f,2026-06-16T10:39:24.767231Z,5,Staple in our house.,0.55
4d952403-f21a-4b04-ba00-448113cebcfa,c65b973f-eb2c-4fc5-ae18-0a8a921e7693,ea11794b-9211-4543-87ff-999e6bd73cef,2026-05-31T19:22:02.767687Z,4,Staple in our house.,0.89
976f310c-80cf-4801-9cc7-702efd909bb3,7ffcfcf4-36a5-4ed3-b007-1d25d64f030f,f3339075-6de3-4983-84ef-c23595b30f1c,2026-05-27T13:17:53.767755Z,5,My family loves this.,0.1
0e0ca3da-a243-4e88-8ca7-3926f562d554,9fa106c7-15c8-40ec-b1b2-024fbda49ebf,58b8f572-3bba-4143-9f32-b6fbe9afedb9,2026-05-29T06:58:36.768018Z,5,My family loves this.,0.31
2035f237-5701-49ea-a3d1-dc7fd7c1e2e9,f1e90caa-ff1f-4164-8403-aacb98494334,17d8280d-5414-49df-ac1c-db72a02c6e18,2026-05-26T21:36:16.768142Z,4,Good quality.,0.61
e0779a12-c275-4c2d-b38b-18668e56b78f,8c6e883e-fda2-4512-b521-4d5e4f1a24cf,a2aa5c5f-237b-4acf-bd4d-896ec1b7d815,2026-05-31T05:39:20.768555Z,4,Will buy again.,0.38
f4577fd1-dc37-452d-b1ed-a92b0da55b2c,403b076d-ff6a-4817-a4d4-1f8505ece11d,ec97e4e8-1dee-4099-85b0-85d167c59b15,2026-06-06T06:31:06.769156Z,3,Will buy again.,0.7
9b434906-51ea-4df7-989b-d8dafe74bbae,a2a34423-28fc-47a7-a92b-1958542a76b0,eab47c6e-60d0-411e-ade2-82fc0a973fef,2026-06-17T04:40:28.769922Z,4,My family loves this.,0.59
67bf5196-38f3-4e64-9793-b2376ddfce66,d71106b5-3273-4106-ac12-4eeaa74508a1,eab47c6e-60d0-411e-ade2-82fc0a973fef,2026-06-10T19:36:09.770437Z,5,Good quality.,0.43
89ec176d-0f6c-4d3c-82b3-15a780671085,4a5c6de9-e24b-4808-a544-9bd7c3cb8fed,8ac69fa0-f2a2-4e7e-8d20-db1696a88a49,2026-06-11T21:12:15.770739Z,5,Staple in our house.,0.43
e9d3d5d9-c0e3-42a0-8600-a26b33212e86,f402778e-5da5-4f36-a834-a374c21a1106,b4cf6a02-8d8f-4f2a-a7d2-b552fe2cffc6,2026-06-12T16:29:59.770929Z,3,Good quality.,0.09
043dcef9-bcff-4d59-9305-733ce1a1f68d,33695f6b-97f8-4629-b958-aee9db764e84,bdfcdbcc-7d63-4ecb-9a8f-8ae73ee085fb,2026-06-09T01:13:53.770981Z,5,Staple in our house.,0.44
53be9d9a-ed85-4d71-ba22-6f0480ccc86b,c8aadad9-9b37-4350-a20b-928e2cab5566,6b43d3b7-aca8-4905-9318-b1c3fbed419e,2026-05-26T08:00:49.771736Z,3,My family loves this.,0.96
8a43adac-ee60-42e3-a8f4-4c8279c18cd0,a98039d8-aac0-4ab4-aefb-271bbfefb405,bdfcdbcc-7d63-4ecb-9a8f-8ae73ee085fb,2026-06-14T07:46:56.772372Z,5,Good quality.,0.01
08d9b3a7-2738-4201-811c-2783a5354d81,37c52c6a-bf4d-4fda-8e8d-8d74f697fb2c,1209a847-3e6d-4ef1-a2ac-448ae204babe,2026-06-15T02:34:30.772396Z,4,Staple in our house.,0.25
6abc1335-f61b-4694-b383-c3da924e57f0,081dd653-126d-48c5-8df5-309a2eb542f2,27366ea9-7d9d-40ad-ab66-17f827a45e78,2026-05-30T16:48:33.772438Z,5,Will buy again.,0.36
3258e0f7-cda4-464e-8c11-404e949e1dc7,4b74983a-e4f6-4f16-8f37-1d745682f311,e17a19cd-8381-40b6-8771-702f3a282e0c,2026-05-28T10:52:19.772740Z,5,Good quality.,0.9
836026e5-ece5-4f60-96bc-de109a1392ac,4d91b12c-8c53-4afb-a6c3-c1d4c4eb0f6e,ad5fcac7-aeb1-477e-b4a7-962a3e8bd739,2026-06-09T23:46:08.772838Z,3,My family loves this.,0.11
42d68ce8-4670-48d4-a195-37941b3315e9,b8e2751e-fc2e-48b3-b71b-572335d63302,4f829757-7e33-48b8-9950-69136f62b668,2026-06-10T20:35:52.772982Z,5,My family loves this.,0.34
63afa2ae-41c7-4d58-8785-c8d9483e6996,fc734de3-f02e-44d9-b400-98a8f542d580,ffb35e8a-7d50-4fb3-b500-d6e2b0d928a7,2026-06-14T16:41:56.774149Z,5,"A bit pricey, but good.",0.37
848005fa-0dbd-4f24-b87a-ca2c9d9d2326,adfd8947-c7d0-4fd9-828d-4e92a2731969,19526f67-9ddf-4aab-b411-0bee51cec320,2026-05-22T10:32:57.775038Z,5,Staple in our house.,0.93
6852529e-9bb6-4173-a616-3791c5b285e9,82e244b2-87a6-48ad-b9c6-ab291657e7de,94ee9444-6941-48b4-b4dd-5e9bc164aefe,2026-06-16T17:15:59.775296Z,4,My family loves this.,0.35
e5d97fa7-8a43-42d2-b858-001695c1dc20,d73af61d-0a94-4835-b3ea-fe140d26a2a6,7f6a74aa-f09a-4f60-a39c-a0c68ccf7ddb,2026-06-14T19:54:15.775555Z,3,My family loves this.,0.11
045a0805-006a-453b-bf43-676c6bd83301,cb5f5348-66ea-442c-a31c-9df34040c85b,1638242a-9e18-4c5a-8ba7-dcb01ef7c6b0,2026-05-28T22:31:07.776754Z,4,Tastes great!,0.55
c870c457-688f-4a74-92d4-59ac88b8f573,5ae1f454-5ad6-4bbb-9ece-4d9266d4fae4,6b85123c-b94f-4258-9142-0599eff0a787,2026-05-23T03:05:43.776932Z,4,Tastes great!,0.07
583fe61c-b079-4195-831a-feb9d8121c7d,0dbfd0e1-7616-4ed4-9b03-6f43d2f4fb40,12e3fbe3-5387-41d3-b055-ed6b543f5f0f,2026-05-19T11:26:53.777089Z,3,Tastes great!,0.6
b15f1796-2684-4d02-9bd2-40be88891d14,b6480a4f-e22e-4044-abb3-b492359dd3c3,d98ac824-b1cb-493c-b4dc-fa735d579080,2026-06-11T00:32:28.777213Z,3,My family loves this.,0.18
327dfd3e-1a50-41c6-a578-5aeef284f197,be8983c7-ccac-42d2-b835-b4c8ed1999f8,19526f67-9ddf-4aab-b411-0bee51cec320,2026-06-14T01:00:57.777595Z,3,"A bit pricey, but good.",0.29
c482d821-59d9-4305-8797-3e764cda3d7a,f248f19b-3dfb-4be6-8482-67b21b6825c8,17d8280d-5414-49df-ac1c-db72a02c6e18,2026-06-07T08:59:47.777768Z,4,Tastes great!,0.75
faf7585d-6e1e-4e1c-b579-ace1bc3222eb,dc52679f-ed2d-4c43-a350-50327c99be6c,14c50a07-309d-4aac-8004-a94d51e3ca87,2026-06-09T14:44:07.778209Z,3,Good quality.,0.77
a43836a0-6e8d-43bc-a347-47e044f4e117,93e06d19-4983-470b-9418-3e93a372ee0e,c6fa1138-4ec2-4637-9504-2749bc13e06f,2026-06-13T23:33:53.778290Z,4,Will buy again.,0.51
9ed330be-d83b-4092-85d4-b71c9de8d62b,b8309d59-5dff-43ad-861c-05c59ffc736c,54c76350-7f69-4f75-b451-d79351462bca,2026-06-08T12:51:32.779236Z,4,"A bit pricey, but good.",0.58
72be9767-3b22-4045-8622-2d3b5467dac2,31332bdc-3407-490e-989d-2aed5320f2f3,22a51531-4be1-45dc-9e5d-2c9c0df0de82,2026-06-04T20:04:45.779277Z,3,Staple in our house.,0.87
27b6d9e7-7d31-4de6-8193-e07b7b077bf3,865e2c7b-71bd-4f2f-a9ef-009d99d29e7e,17ef5cb2-dbbc-4423-a159-fe66957fb5c2,2026-05-27T21:27:04.779609Z,4,Tastes great!,0.02
0e8f9ff2-bbb6-4924-83fc-b402d9491a79,6fae9727-3e59-4122-b868-a3cf2ac05a16,ffb35e8a-7d50-4fb3-b500-d6e2b0d928a7,2026-05-20T07:55:15.780395Z,4,Staple in our house.,0.79
ec3fd92e-11e4-4e1e-8edc-94de84c0c121,b6e2a889-04f2-41cd-827d-1c8d679cd520,37727a64-f037-49a9-bcf8-086215ecb7fd,2026-06-17T16:39:27.780863Z,5,Good quality.,0.97
2cdd4de9-9651-4cc6-aa84-8feff3b4ceb9,961a1c17-3d19-446f-8ffc-596991feabde,17d8280d-5414-49df-ac1c-db72a02c6e18,2026-06-01T19:29:18.781322Z,3,My family loves this.,0.82
487bf6b3-e35c-4937-9b28-4d77004f9e1e,ff32a232-51bc-4f19-a5fa-ac9cf90b299a,28c08598-0919-4ad4-a544-1e20d0d0dc44,2026-05-27T01:41:30.781362Z,4,Will buy again.,0.66
52cdd8b4-8d60-47be-a7d9-36fafac89261,4795de92-1574-442c-8f86-3aa6de2c7391,6b43d3b7-aca8-4905-9318-b1c3fbed419e,2026-06-08T14:48:56.782378Z,4,"A bit pricey, but good.",0.08
fd94b368-1cb9-49f9-bfbe-09ccdd473c3b,0f2672d3-0d1d-4747-9e71-a91ada364540,af5481f4-1ba7-4d45-aaf7-51c47a71875c,2026-06-06T18:30:59.782608Z,4,Will buy again.,0.7
35060752-4a1e-48d5-9cd0-d8a7ad60e743,39fcfcb7-7a61-4c8f-a325-fd614eb31fc3,9183c4c5-47db-4e6d-af05-9eafe1f586a0,2026-06-08T18:13:54.782836Z,5,My family loves this.,0.7
4cf97391-937a-407f-9a16-75e1acffa54d,70d6fa5d-dce8-49be-b012-d0b91638fa22,0eea6ab9-a379-49ec-9c3a-9e38263db7f9,2026-06-17T23:29:22.782964Z,5,Staple in our house.,0.95
1a745638-25d7-4209-b24a-e99cb91b8d4c,df7aa237-7381-47be-a062-6fa5f8aa9f42,25370a5c-dc1e-4a10-bfdc-ad1bca8f7981,2026-06-08T14:22:58.783007Z,5,Staple in our house.,0.88
090a3942-3fe5-4983-b9c9-9190d3df51d4,ea901c19-c2b8-4d83-a4ab-c601e53eea75,5e2bc8e4-1797-4c5f-82a7-e5f343789acd,2026-05-30T16:06:58.784177Z,3,Good quality.,0.65
5fa662b8-eee4-4ad4-b9f6-81d0b4f915f6,37c52c6a-bf4d-4fda-8e8d-8d74f697fb2c,c9d3792c-59ed-4d20-b80d-de9e5af11e7c,2026-05-24T02:58:06.784323Z,5,My family loves this.,0.57
9bb778fa-25fc-4510-a55a-c887ad5a27e0,f89fae14-33e7-4399-a1d2-ea86bbb16485,59d6d6c9-1940-4e0a-a3ed-ca04666e89b9,2026-06-18T04:01:58.784567Z,3,Will buy again.,0.42
4137905b-547b-4842-a000-2f41709c1e94,1746998c-acb5-427a-9787-30c373602d57,242a17b5-0a2b-4177-a01c-b2d07b8435df,2026-06-15T00:05:25.784631Z,3,Good quality.,0.25
b3433454-3bb0-463c-9e38-ba2271be7226,cc9847ee-737e-43ce-af61-502b51ed3f76,f3339075-6de3-4983-84ef-c23595b30f1c,2026-06-14T17:22:00.784712Z,3,Will buy again.,0.6
7538a85c-23d7-42b7-abce-9ba9f08121cb,ee9020c0-6f9f-4ed2-810a-4a1abf6ca4f6,262281ca-9da1-4f48-bcc9-dac7c497ca85,2026-05-19T22:56:44.784777Z,4,"A bit pricey, but good.",0.66
36fdeeb8-26e3-4ffb-9947-62e689a40508,ea59da10-ccd4-421d-957f-d3efcefbdaa0,242a17b5-0a2b-4177-a01c-b2d07b8435df,2026-06-10T00:57:32.784954Z,3,Good quality.,0.45
1d97da48-6a25-48fc-8708-8e745a0a1444,81745aea-08e5-4021-a4ad-5139b256656c,17ef5cb2-dbbc-4423-a159-fe66957fb5c2,2026-06-06T04:32:50.786127Z,4,Will buy again.,0.54
765a8ef7-9eb8-4b83-b163-234010a1185d,2cb2e0b1-9470-4616-8e5e-2010aa828a78,a7af19b9-f0fe-40b8-9d1a-c7fcda914ea2,2026-06-04T22:31:27.787053Z,5,Staple in our house.,0.34
8be950ca-e911-464f-b5dc-30cb765dccf8,48c3b50c-eb8e-4708-a496-988f45e79034,6b85123c-b94f-4258-9142-0599eff0a787,2026-05-25T17:29:07.787305Z,4,Good quality.,0.47
6430c353-658b-40dd-b58e-ba19dcc4347b,cc192386-b064-438d-a09d-28eef8d80ce7,c9d3792c-59ed-4d20-b80d-de9e5af11e7c,2026-05-28T08:28:28.787328Z,3,Staple in our house.,0.46
1e73cf2c-659b-4696-8d96-84dddc60a797,974edd2c-30d3-4ac5-a7c8-9414caca96a4,d98ac824-b1cb-493c-b4dc-fa735d579080,2026-06-13T03:59:50.787414Z,3,"A bit pricey, but good.",0.66
e65b3395-a0b0-4059-b43b-ce374db16ec0,421a1ef0-8e44-420d-a55a-8ce080fd193f,321f6360-972d-4a3a-85c7-8758739a5af4,2026-06-10T09:40:35.788369Z,3,Staple in our house.,0.04
be41b6d2-f0e1-4652-b266-64da0020b6fe,f7651a82-e7fb-4ce3-a273-b0bb7853f529,2e4f561e-34fc-4f84-969f-fafa2cfe8587,2026-06-17T21:59:21.788555Z,3,Staple in our house.,0.34
ceb82acd-4f9f-46f3-9a9a-f621d7bea9df,a1f51051-5815-4ccc-b680-859cc8a9523a,dc65cf1c-922f-4f2a-be7d-7f596ab58867,2026-05-25T12:37:57.788617Z,3,Staple in our house.,0.89
ed26249f-26e0-4f33-ab35-dc015f7cf165,2f731e64-d8b8-44fa-9d6e-b05865a559a3,8ac69fa0-f2a2-4e7e-8d20-db1696a88a49,2026-06-16T12:16:52.788902Z,5,"A bit pricey, but good.",0.28
6648b2ab-bd27-464b-84c6-c1d5f3ac1286,dc1d41c3-d7d1-450d-bd18-94f5210f6806,e4f08e85-289e-40c7-ad90-983f186d02dc,2026-06-17T00:19:20.789123Z,4,"A bit pricey, but good.",0.06
58f6d413-9102-4b96-9279-6ab1620c4055,62fa8cfd-924a-462b-9362-8a50b950a6f2,6b85123c-b94f-4258-9142-0599eff0a787,2026-06-08T23:34:12.790201Z,4,Tastes great!,0.61
f0931126-2900-4168-a279-53d312ab992f,4cff4e20-7ce9-456d-b799-4fed7c534f0d,51de8c93-7a17-4f51-ba8f-d0ac995c566a,2026-05-24T13:03:52.790657Z,3,Will buy again.,0.5
07c6a47a-61b0-4c71-a9c1-dfee533c375b,e1053777-b61a-4ac5-80a1-a50c3f13f99c,1e19d020-8de6-4885-b1d8-2b9aff3f3d33,2026-05-25T09:23:11.791071Z,3,Staple in our house.,0.48
a6d8e0e3-04f0-400d-b553-cfe89205b3f1,8c6e883e-fda2-4512-b521-4d5e4f1a24cf,372ded30-38b9-4299-bf0d-124cb3f95d09,2026-05-31T17:05:19.791124Z,5,Tastes great!,0.41
f4c52567-d53c-40e6-9059-6a61b1899c00,40cae0e9-cc22-45b7-83f8-5ca5013987c5,ec97e4e8-1dee-4099-85b0-85d167c59b15,2026-05-31T06:35:32.792438Z,3,Good quality.,0.57
b3389744-7a55-400a-b755-2e1b476cca5b,e28014e6-9c3a-4f42-9b5e-bfc82f9bb9d7,1e19d020-8de6-4885-b1d8-2b9aff3f3d33,2026-05-29T01:51:11.792461Z,5,My family loves this.,0.1
004a9c65-7fb0-4120-a915-8f1d3f51c6ae,28879ddc-2513-4004-80c4-706b1ef324dd,a2aa5c5f-237b-4acf-bd4d-896ec1b7d815,2026-06-10T11:18:22.792757Z,5,"A bit pricey, but good.",0.54
d7f9d7ae-18ac-4f1b-bacc-bfc6a3d0e559,a1cc74df-b78d-4e9a-82a7-cf3c47b85d92,7f6a74aa-f09a-4f60-a39c-a0c68ccf7ddb,2026-05-21T18:09:59.792907Z,3,Will buy again.,0.29
9a4733e0-3be1-4e02-b8c5-6ee51917501e,d015b03c-9cba-4774-821a-3cc992e1c7f4,6f6d558c-4b40-4c66-a4e6-e46524190ebc,2026-05-25T01:14:50.793280Z,5,Will buy again.,0.86
8203d045-22a4-4d7a-96e2-8604d1e7b007,02df37e7-d9a7-4261-89cf-e625ac86587b,3198b1d3-c10a-433e-946a-be88a2f22060,2026-06-09T18:56:42.793658Z,5,My family loves this.,0.74
e9adcf17-cd13-418e-82f8-ecbfad50eb0d,e96b0330-2bf2-4221-8c83-a0321dc564fa,19526f67-9ddf-4aab-b411-0bee51cec320,2026-06-09T01:40:28.793705Z,5,My family loves this.,0.57
c709687e-fe66-45bd-a458-bca0fae40678,7de37548-b3aa-4da1-bc4e-04984374122e,c6fa1138-4ec2-4637-9504-2749bc13e06f,2026-06-08T19:10:50.793774Z,5,Good quality.,0.45
17f57b5d-a3af-4679-98f9-57f6eee36571,f89fae14-33e7-4399-a1d2-ea86bbb16485,54c76350-7f69-4f75-b451-d79351462bca,2026-05-22T09:41:38.794406Z,4,Staple in our house.,0.5
83a7ffd6-f1ae-4e58-b952-38ea8baceb9c,023f5f9d-6014-463d-ac64-608fe6b8324f,22e8fa38-2c1b-4639-8e7d-d245269424b7,2026-06-15T12:35:59.794539Z,5,Staple in our house.,0.09
5f3cb12e-5607-48b4-ab62-6c04338eea1e,f9c74ef5-91bc-469b-8105-a085f2ad1fb8,bdfcdbcc-7d63-4ecb-9a8f-8ae73ee085fb,2026-05-27T13:10:48.795589Z,4,My family loves this.,0.33
849e4cbe-0b37-4b87-aa07-835c3ce8350e,28879ddc-2513-4004-80c4-706b1ef324dd,f980ab87-d699-456c-a96a-e362bfd00c92,2026-06-16T18:00:40.795688Z,5,"A bit pricey, but good.",0.67
bf5c6768-4ec9-45ab-864c-d9e640ec20b6,dc1d41c3-d7d1-450d-bd18-94f5210f6806,c8692397-bab9-445a-90ae-7439cc46cd74,2026-05-22T03:29:58.795945Z,3,Good quality.,0.35
ccd22d3e-45da-4856-9070-eeaea2a19eee,daaafc21-ddee-4be2-acc9-cb35709e0993,6cf1c788-97e2-4ecc-b9a3-f96831a30d8d,2026-06-11T10:08:04.796646Z,5,Tastes great!,0.59
293ffa73-2cbb-47e5-b2e6-07588fef8e3a,be8983c7-ccac-42d2-b835-b4c8ed1999f8,1638242a-9e18-4c5a-8ba7-dcb01ef7c6b0,2026-05-27T06:46:20.796854Z,4,Tastes great!,0.01
5c3d9f24-c537-4127-9be0-72b8a2721e81,0aa41ccb-4639-4115-989f-cb299da7289f,9234bb80-ceff-4626-9cc6-fc6f757ee0d6,2026-05-27T22:30:14.796964Z,5,My family loves this.,0.45
bba7eaad-fee6-4140-ade3-de31ebeaa303,b8309d59-5dff-43ad-861c-05c59ffc736c,4f829757-7e33-48b8-9950-69136f62b668,2026-06-04T20:23:26.797470Z,3,Staple in our house.,0.74
cf31d1d9-cc72-429d-ac99-4cd5ab1baea7,518f6089-7637-4b06-a632-afa91eeb04b9,e5990352-abf4-4954-bbe9-48ef19db84b7,2026-06-01T08:00:13.797580Z,4,Staple in our house.,0.26
f6474fec-f095-4a7b-b298-e3527ff7b79c,7452846e-37c4-4906-a617-e6a9cbd59165,145417d2-0475-455c-bfdb-23ddc2020330,2026-06-10T18:53:49.798053Z,5,Will buy again.,0.65
3f976751-90ae-4e10-a070-4870c83081f4,fcd5220e-ef72-42c1-a491-e64bb6430821,e17a19cd-8381-40b6-8771-702f3a282e0c,2026-05-21T10:41:06.798154Z,4,Good quality.,0.3
89f1e1ad-d1eb-477f-88e2-015390728c62,97c5ecac-aa81-49b4-a421-3ca6574e92a7,34b6ae28-67da-41cb-83b1-c97b33dfdb64,2026-06-02T16:59:08.798224Z,4,Good quality.,0.53
41f8c522-c536-4378-9974-450ba5992c09,a2d7be94-d05f-4eff-be95-fc8e0259a285,ad5fcac7-aeb1-477e-b4a7-962a3e8bd739,2026-05-31T18:46:26.798717Z,5,My family loves this.,0.43
375d75b6-862e-4009-a669-7e36dd2d39a8,91a87b5d-7e05-49a3-bba5-8e0ff848f0e2,464065f2-15f0-4a2e-b25d-516dfff9dcca,2026-06-05T02:32:14.798810Z,5,Will buy again.,0.31
69904af2-c4df-4d60-a258-4c938fad5d9e,76a1556c-80e1-41e0-b989-1e0c1d6057b5,f980ab87-d699-456c-a96a-e362bfd00c92,2026-06-06T09:59:59.799133Z,3,My family loves this.,0.5
b627c50c-982b-4233-acb1-75b092ee78fe,6733c67e-27e3-4470-b212-033cdbebfc91,321f6360-972d-4a3a-85c7-8758739a5af4,2026-05-21T08:03:23.800415Z,3,Good quality.,0.54
c06ee9d9-7b26-4fd8-8b12-ad3582237832,74a7b483-dbb3-44ba-99b3-d77e3d1630eb,c0dc7454-44d3-4bda-817b-d31875e44201,2026-05-27T01:03:56.801433Z,5,Tastes great!,0.36
d810e832-7638-40e9-9bbe-dfb34f75e9b6,f67dbfa0-ba5f-459d-a062-6f1f31dec761,4f829757-7e33-48b8-9950-69136f62b668,2026-05-22T15:54:22.801575Z,3,"A bit pricey, but good.",0.31
509d3894-b99c-4974-a707-20f7399ab30e,27cc181c-2196-4226-bb41-96405f7b58ad,34b6ae28-67da-41cb-83b1-c97b33dfdb64,2026-06-01T16:48:36.802341Z,3,Good quality.,0.43
75c6c4c8-da9b-49b7-aabf-def1b7d75fe4,32790fb2-51fc-4e80-89a0-49842a98d5f4,1638242a-9e18-4c5a-8ba7-dcb01ef7c6b0,2026-06-12T01:54:47.802363Z,4,Staple in our house.,0.95
f1f57df6-4d07-47cd-8d09-ac0a35ce7d16,94c2eb26-5544-46e3-81c9-7c10ba8d378d,f980ab87-d699-456c-a96a-e362bfd00c92,2026-06-12T07:24:47.802646Z,5,Tastes great!,0.25
bbfea458-16aa-4bc9-ae2a-43073eaa0d88,02df37e7-d9a7-4261-89cf-e625ac86587b,95176c1b-f8b5-4499-af67-49f7732c6c68,2026-06-05T20:20:33.802949Z,5,"A bit pricey, but good.",0.82
2276bd60-ddd0-4013-8513-c1ad0f0e1ed0,284521e2-1408-4fa0-9578-492efc8edfe3,58b8f572-3bba-4143-9f32-b6fbe9afedb9,2026-06-07T17:05:45.803517Z,3,My family loves this.,0.27
1b3e3277-99d4-44b6-ae91-39ca731b730b,494cb9fe-5864-4f3f-b573-d75fc31ba28c,c6fa1138-4ec2-4637-9504-2749bc13e06f,2026-06-01T05:59:44.803735Z,4,Good quality.,0.2
1b4a4f89-1948-411d-9d3b-2b5ee05b5ac6,042102a1-7598-4ea5-a80c-28a54e7b5715,174b1816-01c1-46c2-8a46-6e6ad57e5965,2026-05-30T08:13:10.804660Z,5,Staple in our house.,0.39
aafaa500-7a16-40cf-b279-762d8b520636,81213520-07aa-4c23-b65a-1570a1c8c2d3,54c76350-7f69-4f75-b451-d79351462bca,2026-05-25T20:13:25.804988Z,5,Will buy again.,0.12
4d54bcb4-fc0a-40f4-a8b6-763545f5721a,974edd2c-30d3-4ac5-a7c8-9414caca96a4,94ee9444-6941-48b4-b4dd-5e9bc164aefe,2026-06-11T20:18:17.805692Z,4,Good quality.,0.3
6ab3157f-f8e3-41eb-aed0-be226e0ba361,3d8ff089-8a4d-48c5-b3b2-a9c45afc4a3c,63b5e370-7388-4536-8ed7-a21a4a41d06f,2026-06-09T11:16:04.805715Z,5,Staple in our house.,0.31
a548ea46-0d49-420f-9286-500067b9d8b4,7f2fc0fa-7e88-46d9-9367-bea32902ae90,17ef5cb2-dbbc-4423-a159-fe66957fb5c2,2026-05-25T03:26:09.805911Z,5,"A bit pricey, but good.",0.79
66795844-a63d-4d0e-9e98-e7ba2d3f804b,d1cf4810-eeec-4674-835f-53914a8c2859,37727a64-f037-49a9-bcf8-086215ecb7fd,2026-06-13T03:11:24.806293Z,5,Good quality.,0.62
8d63236d-f419-4495-8d5a-4b1c16d5d209,f7651a82-e7fb-4ce3-a273-b0bb7853f529,c6fa1138-4ec2-4637-9504-2749bc13e06f,2026-06-16T01:02:07.806596Z,3,Staple in our house.,0.95
02a5fb08-2437-432e-8b85-93c1f4abb886,ab66ca5d-04cf-47b3-9716-8a39a8619a98,3198b1d3-c10a-433e-946a-be88a2f22060,2026-06-17T09:29:00.807181Z,4,Staple in our house.,0.85
a1c6e122-6500-474b-bbfd-f7702eea7641,bc2d7a33-bbbc-4c57-bc09-10e08146f5da,1209a847-3e6d-4ef1-a2ac-448ae204babe,2026-05-25T09:52:07.807250Z,4,Good quality.,0.43
b93fa911-ce10-40c1-aa89-62a4b7be605e,667a4fd6-9941-4337-80ea-be563e6d75ff,b4cf6a02-8d8f-4f2a-a7d2-b552fe2cffc6,2026-05-27T04:30:38.807434Z,3,Will buy again.,0.65
d088cd3a-b391-4528-9da7-9f153ea51a1f,ab66ca5d-04cf-47b3-9716-8a39a8619a98,c3163de1-b9cd-44a7-93e9-588433a1e23f,2026-05-29T18:08:50.808452Z,5,Good quality.,0.82
8da0df0d-b018-4199-8be3-f3e09fc05030,4700a73a-4de3-4612-9093-c2a0fb394c77,95176c1b-f8b5-4499-af67-49f7732c6c68,2026-05-22T22:14:06.809558Z,4,Tastes great!,0.44
f87b8ffa-7f7b-44ec-8ece-9a3ac252bba1,d71106b5-3273-4106-ac12-4eeaa74508a1,99a57440-b846-4581-bc1a-44f38a214cf6,2026-06-03T07:18:46.809621Z,4,Will buy again.,0.45
7399941b-47f0-45dd-a89f-ad9c288d7b34,d1cf4810-eeec-4674-835f-53914a8c2859,02310335-8d93-4be9-af7d-55de45097af6,2026-05-31T08:24:15.810013Z,4,"A bit pricey, but good.",0.77
38c11d94-ea37-456f-9e19-9192300f8f8d,d0ec78f1-6dde-48e6-adbf-4cd5fb215028,a85314f2-4706-4d04-af9d-12e821756358,2026-06-05T03:51:07.810751Z,3,My family loves this.,0.41
2efa77bb-30c5-4bb2-973b-2bb92c320617,c30a4269-6057-41b4-ab2e-e8ca5e0370ed,54c76350-7f69-4f75-b451-d79351462bca,2026-05-27T18:22:05.811022Z,3,Staple in our house.,0.18
f5994651-20ae-4912-9942-698fb9bc6d5d,72bbd2c0-f9f3-40b5-b0e0-4ecee769bda8,9234bb80-ceff-4626-9cc6-fc6f757ee0d6,2026-06-14T22:04:10.811045Z,3,Tastes great!,0.06
72dc0c32-d01c-4a66-981a-25948593dcf6,dd418441-35ed-4dda-b7dc-362b7db96c22,4dbf9778-98c0-4446-9ec8-916ba556fdad,2026-05-21T10:26:23.811200Z,4,Staple in our house.,0.38
9610bca8-90a3-4355-9d2e-1755122e3a34,fc734de3-f02e-44d9-b400-98a8f542d580,ea11794b-9211-4543-87ff-999e6bd73cef,2026-06-06T11:41:53.811339Z,4,Good quality.,0.49
504f9060-a3cf-452e-842e-e625b3d828f5,cf4581a9-e1d2-4d79-881c-1e784839d621,a2aa5c5f-237b-4acf-bd4d-896ec1b7d815,2026-05-21T02:32:38.811800Z,5,My family loves this.,0.95
bd2e0ea3-9da5-4418-8e29-dc159f4acdc6,b71d0401-7b0c-47ad-92f3-6e124731b75d,31a62e0b-956a-4338-9c88-02b3f7ede7b6,2026-06-07T12:44:52.811926Z,4,Will buy again.,0.16
45e88177-5ce2-46ac-adce-19d1c7bce18f,e96b0330-2bf2-4221-8c83-a0321dc564fa,4dbf9778-98c0-4446-9ec8-916ba556fdad,2026-06-06T14:14:17.812185Z,3,Good quality.,0.1
eea4cdec-82b7-487d-95e8-e4261327e9d1,f67dbfa0-ba5f-459d-a062-6f1f31dec761,4249ce6f-0248-4265-950f-9f03188f5497,2026-06-05T09:10:47.812382Z,3,My family loves this.,0.23
32500e56-5af2-4948-a34d-d4c264a777e7,d28797f1-8438-4636-babd-2af66742afde,ea11794b-9211-4543-87ff-999e6bd73cef,2026-06-17T01:55:25.812608Z,3,Staple in our house.,0.63
ec86577f-414a-4451-81ca-fa214da7cb1b,dc4c8ee0-f6ff-41dd-ab39-7eca941f23b2,c9d3792c-59ed-4d20-b80d-de9e5af11e7c,2026-06-14T07:30:08.812692Z,5,"A bit pricey, but good.",0.34
9c6f9bb6-f720-4f79-95ef-2a9a48d47570,4b74983a-e4f6-4f16-8f37-1d745682f311,12e3fbe3-5387-41d3-b055-ed6b543f5f0f,2026-05-21T13:44:12.812804Z,5,Good quality.,0.37
5852e088-97a3-4bd8-b785-13b2a0dc852b,b3b1e070-a7c2-4c04-83b3-8c13ba8ed013,a7af19b9-f0fe-40b8-9d1a-c7fcda914ea2,2026-05-30T15:16:11.813280Z,5,My family loves this.,0.55
c68f81a9-b7e0-4f5a-8899-45b6f2c5e249,393e8242-9d2a-4f22-904c-c851b62d9ff5,3198b1d3-c10a-433e-946a-be88a2f22060,2026-05-22T10:52:34.813320Z,4,Staple in our house.,0.18
9c2260a0-c195-46a1-860e-b9b5559676b1,28705d80-8695-4f34-b62c-6b59ee55c1db,d98ac824-b1cb-493c-b4dc-fa735d579080,2026-06-14T06:13:14.813430Z,5,Good quality.,0.23
c3af5036-497b-4db6-8da5-9fc9e4cce198,f8ebdd24-728e-4af2-b7a7-fd68dfdfff44,f0bc20ac-801d-4401-bafa-1a2d45fdf2fd,2026-06-03T11:22:23.814094Z,4,Tastes great!,0.02
1629237c-32cb-4ed1-93c8-2952f08d9c46,fc62a22e-03ce-44e3-8328-fb87332f8a1f,c9d3792c-59ed-4d20-b80d-de9e5af11e7c,2026-06-18T10:01:22.814204Z,4,Good quality.,0.05
b0db97a5-5938-4fca-8b0b-83a06cd18cdf,16346993-23ec-449d-8f4b-c7d0d31cf7ba,8ac69fa0-f2a2-4e7e-8d20-db1696a88a49,2026-06-10T19:16:27.814578Z,4,Staple in our house.,0.57
82d0ca41-87d0-41bd-9e82-2988efa7a235,7f2fc0fa-7e88-46d9-9367-bea32902ae90,6b43d3b7-aca8-4905-9318-b1c3fbed419e,2026-05-26T16:43:55.815177Z,5,Good quality.,0.82
533ff0b3-d082-4e88-ade4-d5623d5dbc5d,a3b2228e-26e9-4e88-92d3-a243db5228fe,24a56de7-f7f9-4a74-84ac-6ee7f5d63eeb,2026-06-05T09:18:39.815677Z,5,"A bit pricey, but good.",0.79
b46886b7-40a4-4f40-aa11-01f3af1467fc,d6658dc0-e7c3-4d26-b720-f6d584b6c2a7,37727a64-f037-49a9-bcf8-086215ecb7fd,2026-06-17T22:45:02.815866Z,5,Staple in our house.,0.53
bc723a58-1983-451b-aa31-435d738fd97f,e1053777-b61a-4ac5-80a1-a50c3f13f99c,39e9c2c9-901f-499e-8c46-57804a2f9255,2026-05-24T15:29:58.815977Z,5,Good quality.,0.32
da568f2b-f268-4ad0-a92c-1251c1dc517b,8b0653cc-f0d2-4f32-bbb9-0ed4754f9153,242a17b5-0a2b-4177-a01c-b2d07b8435df,2026-05-31T09:25:28.816000Z,4,Will buy again.,0.03
a82301e0-6939-4e42-9151-84337ed6cb61,3856e26a-50d5-4112-aa9f-912be4b2d983,4f829757-7e33-48b8-9950-69136f62b668,2026-05-23T09:13:53.816304Z,5,Good quality.,0.03
c280ecd9-073a-4ae1-908c-013e45312620,ee9020c0-6f9f-4ed2-810a-4a1abf6ca4f6,882325b0-d544-426c-b74e-9b64ff3ef4cc,2026-05-25T16:16:02.816531Z,4,Staple in our house.,0.92
de10400d-d468-4156-bd42-183ad9a9fe6b,eaa41640-766a-4508-9068-546288e5d1b4,37727a64-f037-49a9-bcf8-086215ecb7fd,2026-06-04T05:16:12.816714Z,4,"A bit pricey, but good.",0.84
6c5bd363-d63b-40f8-83b5-9eb56af15279,0aa41ccb-4639-4115-989f-cb299da7289f,4560ad24-ab8b-4c2a-9a93-593950d0c317,2026-06-16T02:57:42.816780Z,5,Good quality.,0.03
685dedc2-a57d-4365-88e1-164272f10304,d734c01c-cbb4-48ff-a021-2a312d3c7046,63b5e370-7388-4536-8ed7-a21a4a41d06f,2026-06-02T22:34:41.817529Z,4,Staple in our house.,0.08
bb356dcf-691d-43dd-9f2b-42a5e330d86e,2dcca842-c403-4924-9c19-def81bc4244b,51de8c93-7a17-4f51-ba8f-d0ac995c566a,2026-06-10T01:05:30.817602Z,5,"A bit pricey, but good.",0.32
6713d336-4bd6-4f44-bcd8-ed31fd757f53,4c4b2e6b-1e62-4742-b87f-3e396a760820,262281ca-9da1-4f48-bcc9-dac7c497ca85,2026-06-06T06:04:36.817716Z,5,My family loves this.,0.55
0b80e152-6163-4e49-bc0f-5b9e786470e3,4c56e24d-31c5-433e-861b-a265429a86eb,28c08598-0919-4ad4-a544-1e20d0d0dc44,2026-06-15T22:26:46.817780Z,5,Tastes great!,0.54
58af02c5-7b29-4702-8580-c63ef148d376,fe856c16-d5ca-4879-a7a0-52cdc72b0ab7,ea11794b-9211-4543-87ff-999e6bd73cef,2026-06-07T05:35:32.818071Z,3,"A bit pricey, but good.",0.84
08939c25-1d01-48ca-8c06-9338a0501f03,1e6c0808-fcda-4f34-8356-c295e6a3bb11,5e2bc8e4-1797-4c5f-82a7-e5f343789acd,2026-06-15T19:22:44.818982Z,5,"A bit pricey, but good.",0.28
babff564-e777-47d6-b07f-d5d1b6bdb66c,e28014e6-9c3a-4f42-9b5e-bfc82f9bb9d7,12e3fbe3-5387-41d3-b055-ed6b543f5f0f,2026-06-11T12:02:47.819427Z,5,Good quality.,0.39
d8553073-da14-42ec-81df-44c6129a0f4a,38bac53d-813a-4fec-a36b-81693c06e94a,58b8f572-3bba-4143-9f32-b6fbe9afedb9,2026-06-10T23:03:44.819450Z,3,My family loves this.,0.44
a11bc8de-45a0-44e9-93a5-08687ee387bf,403b076d-ff6a-4817-a4d4-1f8505ece11d,2e4f561e-34fc-4f84-969f-fafa2cfe8587,2026-06-13T05:44:17.819668Z,5,Tastes great!,0.69
579223a8-00b7-48fe-bb6a-60ac0e1dff8b,4df003df-66d2-462d-9d42-dea20378aeb6,174b1816-01c1-46c2-8a46-6e6ad57e5965,2026-06-10T00:00:25.819987Z,5,Will buy again.,0.53
ef090232-6b9e-4989-bb86-477e451af18a,3e8e9ea9-9dde-42f5-945c-e0b482a2c6b4,cf9874d1-705f-46b6-b3e9-cbe1e58e3847,2026-05-22T04:28:52.820023Z,3,My family loves this.,0.23
5a7a33dc-25b6-4628-af3b-a8b01fd6c5fe,5ae1f454-5ad6-4bbb-9ece-4d9266d4fae4,8ac69fa0-f2a2-4e7e-8d20-db1696a88a49,2026-05-20T00:13:46.820219Z,3,My family loves this.,0.92
ddec8777-a835-44f3-a7d6-b75cec9e9f09,3e44a27c-9bd1-4833-be31-5443fd5f30da,9234bb80-ceff-4626-9cc6-fc6f757ee0d6,2026-06-13T22:30:59.820279Z,5,Will buy again.,0.3
770ecb73-33d5-4874-abed-0156a4274fb4,3b4b1183-dc97-499b-89d7-1cca99d8fb7a,51de8c93-7a17-4f51-ba8f-d0ac995c566a,2026-06-09T02:52:46.820331Z,3,"A bit pricey, but good.",0.83
8fc66830-0b89-4d49-bfc5-5d76970f5795,1ae6a029-f385-4b5d-b447-21328103559e,0eea6ab9-a379-49ec-9c3a-9e38263db7f9,2026-05-27T12:30:12.821869Z,3,Good quality.,0.05
7868db79-7bd9-416d-9812-8d60a77e2be4,37c52c6a-bf4d-4fda-8e8d-8d74f697fb2c,d98ac824-b1cb-493c-b4dc-fa735d579080,2026-05-23T12:19:03.822405Z,5,Will buy again.,0.47
7082ea82-b7b1-4eaa-aa46-0ec966ecef63,fbd89528-fdcd-4c1a-9b89-b6f6b0055aeb,a81b33a7-ba53-452c-8801-04aabe7f038f,2026-05-21T23:37:41.822617Z,5,My family loves this.,0.03
ad3e69ad-01dd-4742-b284-2d3befbe7bd1,0587d620-94a5-4a12-8e78-d2beb6b9b0c5,24a56de7-f7f9-4a74-84ac-6ee7f5d63eeb,2026-05-24T01:41:06.822860Z,5,Tastes great!,0.79
1288ac55-59de-4c98-a661-459096c05eec,c308b09a-5f2f-411a-ac74-86fa8d58f3a3,31a62e0b-956a-4338-9c88-02b3f7ede7b6,2026-05-22T21:06:16.823985Z,4,My family loves this.,0.92
a0d80b55-d2f1-4f72-b1ca-05711dd1dfcb,2af61357-846b-47b7-be27-d9b81db693b3,5e2bc8e4-1797-4c5f-82a7-e5f343789acd,2026-06-12T22:08:10.824478Z,5,Tastes great!,0.17
4827df0a-d826-40b1-9952-00b76fcdc643,67df7533-da3b-47a5-b15d-2717f1105e80,4560ad24-ab8b-4c2a-9a93-593950d0c317,2026-05-23T11:11:52.824520Z,3,Will buy again.,0.4
119ddb53-8b59-446c-a5ce-b9e2adc21680,8380deca-4ea4-449f-a1d0-ed1e4ab52e59,14c50a07-309d-4aac-8004-a94d51e3ca87,2026-06-12T07:10:54.824630Z,5,My family loves this.,0.37
3073ab0c-4b65-47a1-9450-093e4f2a59ff,8d7a5370-917a-4c52-a640-a04f8d0ec760,4f829757-7e33-48b8-9950-69136f62b668,2026-05-31T02:58:51.824966Z,4,Tastes great!,0.85
8d0dc514-3f85-4368-a1b9-914586ed5a34,ddcb32d8-f1c7-4e3f-8abb-0bf2f80c3624,250b4af0-e307-4429-bc29-3797dfce07ad,2026-06-14T19:23:22.825063Z,3,Staple in our house.,0.61
1a62c890-0130-4a89-b728-19b7ae840ce3,6fae9727-3e59-4122-b868-a3cf2ac05a16,eab47c6e-60d0-411e-ade2-82fc0a973fef,2026-05-26T11:13:42.825270Z,4,Will buy again.,0.66
35e85054-e474-4156-9cd1-10a38a1c21a2,a0056f36-e02b-4281-91c2-1d9501fb9645,77016229-03e7-4ace-860b-79ee16b3f42b,2026-06-13T14:26:46.825385Z,3,Good quality.,0.92
81eda3a3-de80-4b21-bd33-40871fd2fcec,ddcb32d8-f1c7-4e3f-8abb-0bf2f80c3624,d98ac824-b1cb-493c-b4dc-fa735d579080,2026-06-12T10:42:23.827221Z,3,"A bit pricey, but good.",0.04
e18daa91-b4d9-4c87-b1f8-00f090fed524,135f492f-201d-422d-bb56-4cb4fbb56371,4560ad24-ab8b-4c2a-9a93-593950d0c317,2026-06-14T06:43:04.827360Z,5,Staple in our house.,0.93
6737d907-2902-485a-8f75-6ef043dc0235,0fdccec9-42ee-469f-ad10-d1d6f7bf29bc,22a51531-4be1-45dc-9e5d-2c9c0df0de82,2026-06-13T11:07:49.828211Z,4,Will buy again.,0.74
fd3faa6f-c8e0-4591-a25f-12a1f74af104,00213018-5d7e-42e8-bb10-f12baeb31b2e,9234bb80-ceff-4626-9cc6-fc6f757ee0d6,2026-05-21T04:26:17.828321Z,3,Tastes great!,0.87
f39bfab0-12c5-42a1-a3d7-3a347b7aa924,f483e088-2c1d-4574-add1-03aa91bfb55b,c0dc7454-44d3-4bda-817b-d31875e44201,2026-06-10T20:43:01.829019Z,5,My family loves this.,0.6
01a3371b-c8ef-4d6f-af37-8c54f0ed4d4b,cc02d674-d8d0-4c88-9635-5d3c9629c46a,bb3acd74-a761-49bd-b7bc-fbf35502e696,2026-06-18T04:44:14.829461Z,4,Will buy again.,0.41
d79ef706-c9f3-445a-9dc3-364897a6d867,db40b9cc-dfdf-4211-8db7-d4949c9eff7d,39e9c2c9-901f-499e-8c46-57804a2f9255,2026-06-15T20:50:08.829889Z,3,"A bit pricey, but good.",0.43
083da9d9-cc76-4042-9100-58977b179755,37b111a0-fc80-4450-bb99-d2b2a088b898,27366ea9-7d9d-40ad-ab66-17f827a45e78,2026-05-21T22:55:38.830183Z,3,My family loves this.,0.56
fa16511a-333f-4c20-b407-2bb9c2e9eb50,2cb2e0b1-9470-4616-8e5e-2010aa828a78,4f829757-7e33-48b8-9950-69136f62b668,2026-06-14T01:49:07.830223Z,3,Good quality.,0.05
d05b35be-a7ec-4571-8121-793e0b7c09df,6d540b7c-65e8-400b-9b9c-300fec44f955,6f6d558c-4b40-4c66-a4e6-e46524190ebc,2026-05-31T23:13:59.830528Z,3,Will buy again.,0.92
7d0c80ce-c3d9-40b2-9656-a46366934a3b,0d229103-cd1b-43ce-8b78-f16fda8cffd5,b4cf6a02-8d8f-4f2a-a7d2-b552fe2cffc6,2026-05-31T18:15:43.831009Z,5,Good quality.,0.42
1abd2e4f-c8d9-4d7b-80c1-6bb1085bd0eb,de4af6c9-7f7e-4b11-a7cc-02b4e2518048,59d6d6c9-1940-4e0a-a3ed-ca04666e89b9,2026-06-08T11:03:14.831062Z,5,Staple in our house.,0.52
778c513c-e84e-4cc5-9d77-95b4071e8f5a,fe856c16-d5ca-4879-a7a0-52cdc72b0ab7,e4f08e85-289e-40c7-ad90-983f186d02dc,2026-05-19T17:42:45.831375Z,3,Good quality.,0.02
781258e3-33aa-452e-9c1a-a1e57f764d71,27cc181c-2196-4226-bb41-96405f7b58ad,882325b0-d544-426c-b74e-9b64ff3ef4cc,2026-06-17T16:53:54.831719Z,4,Staple in our house.,0.62
e1f8d165-d24a-447b-b91a-009865ade1d1,d28797f1-8438-4636-babd-2af66742afde,94ee9444-6941-48b4-b4dd-5e9bc164aefe,2026-06-03T20:57:23.831912Z,3,"A bit pricey, but good.",0.46
a1abd2e0-a2e0-4eb9-b353-3a9767f99a02,77e21ed9-534c-49ff-bf3a-6c81910050d5,22e8fa38-2c1b-4639-8e7d-d245269424b7,2026-05-26T20:17:59.832313Z,4,Tastes great!,0.81
f857e8be-694d-453b-a160-57e6f96c56d5,d0dcd297-956a-488a-84ad-f0c2b8bfac27,19526f67-9ddf-4aab-b411-0bee51cec320,2026-06-09T08:49:26.832693Z,5,Good quality.,0.74
c0b4fd31-499d-4f6f-aeac-753605dce178,6fc891a0-e87a-4a77-b887-1abee0839df8,58b8f572-3bba-4143-9f32-b6fbe9afedb9,2026-05-26T13:20:50.834065Z,5,Will buy again.,0.61
d7142623-c2f8-456f-a4bc-fe490c822665,67940b88-e2d8-4ce6-bd5f-a5b9e45bbef2,6b85123c-b94f-4258-9142-0599eff0a787,2026-06-06T07:13:42.834130Z,3,"A bit pricey, but good.",0.66
d383b90b-db44-4f83-aef6-cbb989d2fee2,b6db8d1a-217c-47a2-a209-d08ec9cbf2d0,02310335-8d93-4be9-af7d-55de45097af6,2026-06-04T23:29:34.834205Z,3,"A bit pricey, but good.",0.04
9975663f-fda0-4920-ac53-d5d8bdd2e7db,6e57b55c-419f-4d5a-9e0f-6a06b8fb770b,8245b2fb-a8af-474b-8d23-4304a5e9a19f,2026-05-26T00:49:02.834461Z,4,Staple in our house.,0.66
49e843db-c7f4-4a13-bc0b-2c372a385871,6e57b55c-419f-4d5a-9e0f-6a06b8fb770b,12e3fbe3-5387-41d3-b055-ed6b543f5f0f,2026-05-30T05:48:12.834713Z,4,Staple in our house.,0.61
22c8e632-0b1b-46fc-81a8-7fd8a025d50d,d28797f1-8438-4636-babd-2af66742afde,eab47c6e-60d0-411e-ade2-82fc0a973fef,2026-06-06T10:04:43.835021Z,5,Staple in our house.,0.04
dfd307fe-115d-43d4-b9ed-26661f39506a,65b2fd80-bfcd-4e0a-830c-eb9ce266ceb3,eaf75b03-369e-4f19-9773-1a8ed15cec34,2026-05-30T14:23:00.835967Z,4,Tastes great!,0.28
7398753b-669d-49cb-9f86-718d52df9412,042102a1-7598-4ea5-a80c-28a54e7b5715,eae4837f-4e9f-40fb-a287-f3ea4195f02e,2026-06-17T14:46:17.836209Z,3,Good quality.,0.38
dd535310-0e0c-4a85-a2df-c64926e55eb3,daaafc21-ddee-4be2-acc9-cb35709e0993,9183c4c5-47db-4e6d-af05-9eafe1f586a0,2026-06-12T10:12:38.836261Z,4,Staple in our house.,0.01
61d045ee-d307-488a-98f7-4b7807447ddf,37b111a0-fc80-4450-bb99-d2b2a088b898,39e9c2c9-901f-499e-8c46-57804a2f9255,2026-06-07T00:56:51.836716Z,5,Tastes great!,0.26
14aefee1-a146-46e7-bd8c-106b82b18d16,7d4ece89-fbaa-4a33-9ba9-ac8638c62fe2,14c50a07-309d-4aac-8004-a94d51e3ca87,2026-06-17T02:09:46.836918Z,4,Will buy again.,0.73
192afd3a-b4a6-4101-bcba-ebdcc9bfac8c,a0056f36-e02b-4281-91c2-1d9501fb9645,6b85123c-b94f-4258-9142-0599eff0a787,2026-06-03T19:27:14.837168Z,5,Good quality.,0.74
d3a90c49-2c27-41bf-a02f-86138d9ee42a,86dae7cb-dd0d-4196-8d1c-7b64e1ca0393,145417d2-0475-455c-bfdb-23ddc2020330,2026-06-09T23:24:04.837191Z,3,Tastes great!,0.42
f57be344-929c-493c-9d95-76966784e164,bc2d7a33-bbbc-4c57-bc09-10e08146f5da,4f829757-7e33-48b8-9950-69136f62b668,2026-05-23T03:47:07.837237Z,5,Will buy again.,0.63
96a6877d-f4d8-4d91-8b42-eb8de13a9eca,fc734de3-f02e-44d9-b400-98a8f542d580,27366ea9-7d9d-40ad-ab66-17f827a45e78,2026-05-22T20:06:31.838349Z,3,Tastes great!,0.63
de3224c2-8edd-431a-ab5d-f52c5ae153f7,ea59da10-ccd4-421d-957f-d3efcefbdaa0,1cac4b7d-9687-4005-8aba-406a7a82bb35,2026-06-12T11:36:18.838668Z,4,"A bit pricey, but good.",0.49
b447f28e-a933-4a5d-9e7a-413e95de0385,a89515f8-54e4-403e-be5d-efbf5b7790ca,12e3fbe3-5387-41d3-b055-ed6b543f5f0f,2026-06-10T10:47:30.838889Z,4,Tastes great!,0.22
1a270049-1f05-49ff-8d06-53d5dcc43cac,581fd8a1-3a0c-4a31-8988-badcc80e5cd4,ea11794b-9211-4543-87ff-999e6bd73cef,2026-06-07T17:37:22.839463Z,4,Tastes great!,0.58
1618c3ae-3f3d-4f6a-8769-6aad71d59188,163c3567-4f1f-412e-b985-272c12c41792,ffb35e8a-7d50-4fb3-b500-d6e2b0d928a7,2026-05-20T18:15:57.839681Z,4,Good quality.,0.68
c0dace3e-d69c-497b-a6b4-7b65d6f854d8,8a835d35-1f35-419c-834b-35705197208f,22a51531-4be1-45dc-9e5d-2c9c0df0de82,2026-06-04T17:46:46.840427Z,3,Good quality.,0.06
c08b8ce9-6c43-43c3-8b54-2f30c3c7feab,4965914d-e32d-46ce-8abf-92f44d7cc7f8,f0bc20ac-801d-4401-bafa-1a2d45fdf2fd,2026-05-27T01:14:53.840737Z,3,Staple in our house.,0.76
33a933a6-e01b-4484-a98a-b2323f278d3e,884c46e3-4d4a-4827-aa63-74a8f9bd7f20,9183c4c5-47db-4e6d-af05-9eafe1f586a0,2026-05-19T23:06:17.841213Z,5,Tastes great!,0.16
32bda516-e017-41cf-a5d1-d2e11143ee72,9cccee8d-dae0-44b4-890d-e8804ed2ba6a,6b43d3b7-aca8-4905-9318-b1c3fbed419e,2026-06-08T17:48:13.841837Z,5,Will buy again.,0.74
887664ae-0639-468a-93f7-0be39a813961,a89515f8-54e4-403e-be5d-efbf5b7790ca,f3339075-6de3-4983-84ef-c23595b30f1c,2026-06-02T23:22:33.842249Z,4,Tastes great!,0.32
e13cef9f-ef82-4c5f-b40a-65b771255a3d,27b7a965-5245-4af3-9aa1-cea6862290ce,f980ab87-d699-456c-a96a-e362bfd00c92,2026-06-10T16:25:50.842604Z,3,Tastes great!,0.53
c500c1dc-f5d6-46d7-9f00-a974a446416d,98af55a9-dfcc-4ad3-bdf7-dd969404ddfe,5bdd189c-8321-48aa-bae9-e2962031a00b,2026-06-04T00:47:41.843211Z,5,"A bit pricey, but good.",0.91
d72b3bb5-0b4e-4ea4-9da8-56a751499e31,0fdccec9-42ee-469f-ad10-d1d6f7bf29bc,c3163de1-b9cd-44a7-93e9-588433a1e23f,2026-06-07T13:18:42.843388Z,5,My family loves this.,0.54
b78390cb-4016-4c2b-bbbe-678c2c97bf21,abef59d4-32b8-4336-b7dd-9f375c1ce473,a7af19b9-f0fe-40b8-9d1a-c7fcda914ea2,2026-05-24T18:59:03.843661Z,4,Tastes great!,0.83
668c6c5d-2f2a-4c6e-b848-3a86927aa225,84715c32-0e2b-4aa5-8d91-b1978f817bb2,ad3fe337-ec17-4244-8e4e-9f2e174215e4,2026-05-25T03:37:28.844224Z,4,"A bit pricey, but good.",0.01
4e3c9562-6211-48ee-afba-a29d5dd72fb9,9fc326a9-8edb-4aa9-a7e2-bf8cb807fe31,17d8280d-5414-49df-ac1c-db72a02c6e18,2026-06-15T23:06:55.844439Z,4,Tastes great!,0.59
ae7dbcda-4a52-4b1e-95de-2e86caed8fa6,6f6e4cc6-ad0f-494d-8f68-ada7c5a366a4,24a56de7-f7f9-4a74-84ac-6ee7f5d63eeb,2026-05-20T16:06:43.844462Z,4,My family loves this.,0.08
00bf6814-94a8-47eb-ae3e-de1c7edf172e,5029723c-a5c1-41c9-ad47-61b044552811,1638242a-9e18-4c5a-8ba7-dcb01ef7c6b0,2026-05-30T09:35:03.845397Z,4,Tastes great!,0.52
9d2b0325-b793-4891-aa2f-b10e19b79ee1,0dbfd0e1-7616-4ed4-9b03-6f43d2f4fb40,882325b0-d544-426c-b74e-9b64ff3ef4cc,2026-06-12T10:03:38.845713Z,4,Good quality.,0.02
d06bccc8-dc10-4164-8ef4-8f232117ddbf,7f2fc0fa-7e88-46d9-9367-bea32902ae90,4dbf9778-98c0-4446-9ec8-916ba556fdad,2026-05-26T20:53:55.846551Z,3,"A bit pricey, but good.",0.48
40aa9b63-56b6-4d29-9c64-87778a0cdaf4,bd94c06e-4681-43b0-9d07-1eda730c5033,8245b2fb-a8af-474b-8d23-4304a5e9a19f,2026-05-24T13:43:47.846838Z,3,"A bit pricey, but good.",0.07
bc6353e1-20d6-4d4b-8cf9-bcabe929518d,e48601f7-7854-4f5c-90c1-a5b4e61cbbc6,6b85123c-b94f-4258-9142-0599eff0a787,2026-05-25T00:08:34.846982Z,5,Tastes great!,0.6
0d5aebef-5e17-4da7-97f0-c8c48498db8f,ca0da774-1aab-4c48-92be-298e5115308b,17ef5cb2-dbbc-4423-a159-fe66957fb5c2,2026-06-05T08:52:09.847243Z,5,Good quality.,0.91
1d2415ab-43d9-46bf-9c37-10488a99e82c,7228b3d7-ca33-490a-b2e0-810ee8eb72a2,6b43d3b7-aca8-4905-9318-b1c3fbed419e,2026-05-23T12:16:02.847567Z,4,My family loves this.,0.01
f254b63c-2d72-4032-80a8-d3888488084e,11d8f766-b28f-4ce7-9f0c-00704445ed5d,ec97e4e8-1dee-4099-85b0-85d167c59b15,2026-06-08T06:28:08.847806Z,3,My family loves this.,0.86
775f5c56-da56-4000-8b0c-74086161cca6,ddcb32d8-f1c7-4e3f-8abb-0bf2f80c3624,8998e993-9ba7-4ede-965c-cee7af7a4457,2026-06-07T11:31:34.848082Z,5,My family loves this.,0.29
5c77a773-e989-45af-a0e5-c053d4366ad4,507e7c35-3a3b-498a-8cb9-fdad839946f1,99a57440-b846-4581-bc1a-44f38a214cf6,2026-06-03T20:29:53.848150Z,5,Good quality.,0.17
45295076-1be6-4aee-86f7-7444beca1fc0,66ea7225-0970-4ca9-bedb-0ff2dc6bcde5,77016229-03e7-4ace-860b-79ee16b3f42b,2026-06-06T02:42:24.848359Z,4,"A bit pricey, but good.",0.83
47446602-6d63-45d0-aa4d-f1c059a32866,76a1556c-80e1-41e0-b989-1e0c1d6057b5,37727a64-f037-49a9-bcf8-086215ecb7fd,2026-06-10T16:29:43.848440Z,4,My family loves this.,0.73
be43b69a-8b0a-498a-b3f3-d3a139667a09,69cae572-5dac-44b8-9774-94bd8be10195,c85fdb82-bfb8-466b-8587-2c4a96321250,2026-06-10T05:44:09.848784Z,3,"A bit pricey, but good.",0.18
